date,amount,currency,description,status,type
2025-11-10T10:00:00Z,150.00,USD,Order #1001,completed,payment
2025-11-10T14:30:00Z,25.50,USD,Order #1002,completed,payment
2025-11-11T09:15:00Z,300.00,USD,Service Fee,completed,payment
2025-11-11T16:45:00Z,45.00,USD,Refund #1002,completed,refund
2025-11-12T11:20:00Z,120.00,USD,Consulting,completed,payment
2025-11-12T13:10:00Z,50.00,USD,Product A,failed,payment
2025-11-13T10:00:00Z,75.00,USD,Order #1003,completed,payment
2025-11-13T15:30:00Z,200.00,USD,Order #1004,completed,payment
2025-11-14T09:00:00Z,150.00,USD,Order #1005,completed,payment
2025-11-14T14:00:00Z,25.00,USD,Order #1006,pending,payment
2025-11-15T10:30:00Z,80.00,USD,Order #1007,completed,payment
2025-11-15T16:00:00Z,90.00,USD,Order #1008,completed,payment
2025-11-16T11:00:00Z,110.00,USD,Order #1009,completed,payment
2025-11-16T13:45:00Z,60.00,USD,Order #1010,completed,payment
2025-11-17T09:30:00Z,130.00,USD,Order #1011,completed,payment
2025-11-17T15:15:00Z,40.00,USD,Order #1012,completed,payment
2025-11-18T10:45:00Z,160.00,USD,Order #1013,completed,payment
2025-11-18T14:20:00Z,70.00,USD,Order #1014,completed,payment
2025-11-19T11:30:00Z,140.00,USD,Order #1015,completed,payment
2025-11-19T16:10:00Z,30.00,USD,Order #1016,failed,payment
2025-11-20T09:45:00Z,170.00,USD,Order #1017,completed,payment
2025-11-20T13:50:00Z,55.00,USD,Order #1018,completed,payment
2025-11-21T10:15:00Z,180.00,USD,Order #1019,completed,payment
2025-11-21T15:40:00Z,85.00,USD,Order #1020,completed,payment
2025-11-22T11:10:00Z,190.00,USD,Order #1021,completed,payment
2025-11-22T14:55:00Z,95.00,USD,Order #1022,completed,payment
2025-11-23T09:20:00Z,210.00,USD,Order #1023,completed,payment
2025-11-23T13:35:00Z,65.00,USD,Order #1024,completed,payment
2025-11-24T10:50:00Z,220.00,USD,Order #1025,completed,payment
2025-11-24T16:25:00Z,105.00,USD,Order #1026,completed,payment
2025-11-25T11:40:00Z,230.00,USD,Order #1027,completed,payment
2025-11-25T15:05:00Z,115.00,USD,Order #1028,completed,payment
2025-11-26T09:55:00Z,240.00,USD,Order #1029,completed,payment
2025-11-26T14:15:00Z,125.00,USD,Order #1030,completed,payment
2025-11-27T10:25:00Z,250.00,USD,Order #1031,completed,payment
2025-11-27T15:50:00Z,135.00,USD,Order #1032,completed,payment
2025-11-28T11:55:00Z,260.00,USD,Order #1033,completed,payment
2025-11-28T16:30:00Z,145.00,USD,Order #1034,completed,payment
2025-11-29T09:10:00Z,270.00,USD,Order #1035,completed,payment
2025-11-29T13:40:00Z,155.00,USD,Order #1036,completed,payment
2025-11-30T10:35:00Z,280.00,USD,Order #1037,completed,payment
2025-11-30T15:20:00Z,165.00,USD,Order #1038,completed,payment
2025-12-01T11:05:00Z,290.00,USD,Order #1039,completed,payment
2025-12-01T14:45:00Z,175.00,USD,Order #1040,completed,payment
2025-12-02T09:40:00Z,300.00,USD,Order #1041,completed,payment
2025-12-02T13:25:00Z,185.00,USD,Order #1042,completed,payment
2025-12-03T10:10:00Z,310.00,USD,Order #1043,completed,payment
2025-12-03T15:55:00Z,195.00,USD,Order #1044,completed,payment
2025-12-04T11:15:00Z,320.00,USD,Order #1045,completed,payment
2025-12-04T16:40:00Z,205.00,USD,Order #1046,completed,payment
